{
  "best_score": 0.0,
  "best_params": {
    "lightgbm": {
      "lgb_n_estimators": 425,
      "lgb_max_depth": 11,
      "lgb_lr": 0.19976958599580305,
      "lgb_leaves": 72,
      "lgb_subsample": 0.9534264088153714,
      "lgb_colsample": 0.8653406371063166
    }
  }
}